{"cameraMode":{"drawMode":0,"name":"Shaded","section":"Shading Mode"},"sceneLighting":false,"audioPlay":false,"sceneViewState":{"showFog":true,"showMaterialUpdate":false,"showSkybox":true,"showFlares":true,"showImageEffects":true,"showParticleSystems":true},"in2DMode":false,"pivot":{"x":-4.8408355712890629,"y":4.823160171508789,"z":65.94384765625},"rotation":{"x":0.08777710795402527,"y":-0.6951807141304016,"z":0.08615980297327042,"w":0.7082340121269226},"size":2.8578836917877199,"orthographic":false}